Date,Time,TAIEX,TSMC,TSM_ADR,SOX,NVDA,SP500,NASDAQ,DJI,US10Y,US2Y,US3M,DXY,Gold,Silver,Copper,IronOre,Coal,Oil,NatGas,Maersk,Soybean,USDTWD,USDKRW,VIX,Spread_10Y2Y,Spread_10Y3M,Gold_Copper_Ratio,Gold_Silver_Ratio,TSMC_ADR_Premium_Pct
2026-08-25,2026-08-25 11:34:11,44301,2360,410.12,11423.2,208.48,7652.9,25980.2,53417.2,4.704,3.961,3.703,99.043,4691.4,67.84,6.587,95.34,124.5,85.34,2.813,17.43,1222.8,31.87,1382.38,15.85,0.743,1.001,712.2,69.2,10.77
2026-08-24,2026-08-24 16:00:00,44762,2375,410.12,11423.2,208.48,7652.9,25980.2,53417.2,4.704,4.17,3.703,99,4640.8,68.54,6.599,95.34,121.5,85.01,2.782,17.43,1216,31.822,1384.98,15.85,0.534,1.001,703.3,67.7,9.9
2026-08-23,2026-08-23 16:00:00,45224,2410,418.95,11740.4,214.72,7674.4,26180.5,53277,4.738,4.17,3.71,98.8,4624.1,69.47,6.58,95.21,121.5,87.06,2.773,16.78,1225,31.822,1384.98,15.13,0.568,1.028,702.8,66.6,10.64
2026-08-21,2026-08-21 16:00:00,45224,2410,418.95,11740.4,214.72,7674.4,26180.5,53277,4.738,4.17,3.71,98.8,4624.1,69.47,6.58,95.21,121.5,87.06,2.773,16.78,1225,31.838,1390.79,15.13,0.568,1.028,702.8,66.6,10.69
2026-08-20,2026-08-20 16:00:00,44934,2375,416,11800,216.85,7641.2,26067.2,52759.2,4.696,4.17,3.703,98.9,4516.3,68.03,6.46,95.16,121.5,87.83,2.733,16.22,1220.8,31.838,1390.79,16.01,0.526,0.993,699.1,66.4,11.53
2026-08-19,2026-08-19 16:00:00,44719,2350,412.09,11738.2,217.56,7708,26331.1,53463.1,4.653,4.17,3.7,98.83,4489.4,65.73,6.488,95.17,121.5,85.83,2.814,16.15,1222.3,31.815,1389.4,14.89,0.483,0.953,692,68.3,11.58
2026-08-18,2026-08-18 16:00:00,45309,2380,413.41,11992.5,219.74,7691.8,26289.7,53343.4,4.706,4.17,3.705,99.65,4366,63.94,6.483,95.28,121.5,84.94,2.776,16.16,1200.8,31.882,1413.58,15.84,0.536,1.001,673.5,68.3,10.76
2026-08-17,2026-08-17 16:00:00,45857,2400,430.97,12621,225.01,7745.1,26644.9,53459.8,4.724,4.17,3.703,99.64,4417.8,66.12,6.604,94.95,121.5,84.5,2.69,16.7,1201,31.85,1414.73,15.19,0.554,1.021,669,66.8,14.39
2026-08-16,2026-08-16 16:00:00,45811,2395,426.35,12417,225.16,7785.8,26729.2,53732.4,4.696,4.17,3.697,99.67,4380.4,64.99,6.6,95.17,121.5,82.4,2.733,15.9,1173.8,31.99,1415.37,14.25,0.526,0.999,663.7,67.4,13.9
2026-08-14,2026-08-14 16:00:00,45811,2395,426.35,12417,225.16,7785.8,26729.2,53732.4,4.696,4.17,3.697,99.67,4380.4,64.99,6.6,95.17,121.5,82.4,2.733,15.9,1173.8,32.124,1416.85,14.25,0.526,0.999,663.7,67.4,14.37
2026-08-13,2026-08-13 16:00:00,46021,2435,430.49,12456,225.3,7799,26803,53840,4.641,4.17,3.705,99.96,4363.6,64.87,6.593,95.05,121.5,81.25,2.727,14.67,1168.3,32.124,1416.85,14.63,0.471,0.936,661.9,67.3,13.59
2026-08-12,2026-08-12 16:00:00,45518,2415,429.15,12399.4,224.09,7748.5,26588.5,53770.3,4.682,4.17,3.707,100.01,4408.9,65.56,6.597,95.09,121.5,83.27,2.804,13.39,1164.8,32.202,1416.46,14.55,0.512,0.975,668.3,67.2,14.45
2026-08-11,2026-08-11 16:00:00,45121,2395,422.06,12098.5,217.5,7728.2,26445.4,53791.9,4.684,4.17,3.73,99.82,4383,64.77,6.612,95.08,121.5,83.2,2.767,13.02,1147.5,32.209,1412.18,15.28,0.514,0.954,662.9,67.7,13.52
2026-08-10,2026-08-10 16:00:00,44929,2380,418.47,11993.9,217.55,7753.1,26605.4,53976,4.699,4.17,3.718,99.81,4361.8,65.11,6.595,94.55,121.5,82.13,2.794,13.24,1157.8,32.227,1417.31,15.46,0.529,0.981,661.4,67,13.33
2026-08-09,2026-08-09 16:00:00,44226,2370,420.04,12356.8,223.96,7757.6,26690.6,54036.9,4.66,4.17,3.71,99.6,4340.7,63.33,6.57,94.45,121.5,78.18,2.662,13.17,1156.5,32.235,1407,14.9,0.49,0.95,660.7,68.5,14.26
2026-08-07,2026-08-07 16:00:00,44226,2370,420.04,12356.8,223.96,7757.6,26690.6,54036.9,4.66,4.17,3.71,99.6,4340.7,63.33,6.57,94.45,121.5,78.18,2.662,13.17,1156.5,32.207,1422.3,14.9,0.49,0.95,660.7,68.5,14.16
2026-08-06,2026-08-06 16:00:00,44397,2365,418.2,12048.7,218.99,7710,26348.3,53885.1,4.67,4.15,3.732,99.97,4242,61.44,6.687,95.28,121.5,77.29,2.64,13.04,1157.3,32.207,1422.3,15.15,0.52,0.938,634.4,69,13.9
2026-08-05,2026-08-05 16:00:00,44612,2405,414,12008.9,219.22,7723.5,26363.4,54349.1,4.617,4.15,3.725,99.69,4245.8,62.1,6.703,93.91,121.5,75.22,2.688,12.91,1151.5,32.265,1421.16,15.81,0.467,0.892,633.4,68.4,11.08
2026-08-04,2026-08-04 16:00:00,43361,2320,417.17,12179.3,211.94,7736.5,26585,54085.9,4.627,4.15,3.73,99.89,4095.4,60.06,6.619,93.7,121.5,75.77,2.682,12.97,1155,32.395,1428.43,16.5,0.477,0.897,618.7,68.2,16.5
2026-08-03,2026-08-03 16:00:00,43386,2370,406.11,11430.3,206.64,7600.5,25913.9,53178.4,4.686,4.15,3.7,99.96,4033.7,57.67,6.514,93.66,121.5,80.34,2.781,13.18,1168.8,32.396,1428.5,15.86,0.536,0.986,619.2,69.9,11.02
2026-08-02,2026-08-02 16:00:00,43120,2425,404.25,11311.1,200.75,7489.7,25373.8,52485,4.745,4.288,3.682,99.8,4049.1,57.59,6.436,98,121.5,84.67,2.747,13.39,1172,32.293,1435.7,15.99,0.457,1.063,629.1,70.3,7.67
2026-07-31,2026-07-31 16:00:00,43120,2425,404.25,11311.1,200.75,7489.7,25373.8,52485,4.745,4.288,3.682,99.8,4049.1,57.59,6.436,98,121.5,84.67,2.747,13.39,1172,32.395,1420.6,15.99,0.457,1.063,629.1,70.3,8.01
2026-07-30,2026-07-30 16:00:00,39933,2205,403.31,11303,195.04,7437.6,25122.2,52208.1,4.663,4.13,3.675,100.01,4100.1,58.81,6.444,98.25,121.5,83.59,2.758,13.3,1177.3,32.395,1420.6,17.09,0.533,0.988,636.3,69.7,18.51
2026-07-29,2026-07-29 16:00:00,40039,2200,374.67,10447.5,190.01,7316.1,24442.9,51594.1,4.622,4.086,3.658,100.8,4034.7,57.86,6.273,98.27,121.5,84.46,2.725,13.14,1178,32.349,1442.28,20.66,0.536,0.964,643.2,69.7,10.18
2026-07-28,2026-07-28 16:00:00,41603,2280,392.31,11035.7,197.01,7428.8,24876.9,52747.3,4.604,4.086,3.76,101.38,4036.3,57.3,6.322,98.3,121.5,79.26,2.662,12.94,1212,32.364,1453.16,18.21,0.518,0.844,638.5,70.4,11.37
2026-07-27,2026-07-27 16:00:00,43634,2350,399.09,11554.9,196.51,7413.2,24932.1,52210.1,4.641,4.062,3.797,101.51,4074.5,58.47,6.339,98.35,121.5,82.61,2.767,12.59,1208.5,32.302,1464.44,18.67,0.579,0.844,642.8,69.7,9.71
2026-07-26,2026-07-26 16:00:00,43634,2350,399.09,11554.9,196.51,7413.2,24932.1,52210.1,4.679,4.051,3.805,101.47,4067.6,58.66,6.32,98.42,121.5,89.31,2.871,12.59,1248,32.322,1458.01,18.58,0.628,0.874,643.6,69.3,9.78
2026-07-24,2026-07-24 16:00:00,43634,2350,399.09,11554.9,196.51,7413.2,24932.1,52210.1,4.679,4.051,3.805,101.47,4067.6,58.66,6.32,98.42,121.5,89.31,2.871,12.59,1248,32.322,1458.01,18.58,0.628,0.874,643.6,69.3,9.78
